ID Reseña,Aprobado,Borrador IA,Calificación,Ejecuciones,Estado,Fecha de envío,Fecha de estadía,Fecha de recepción,Gmail Thread ID,Huésped,Idea Semilla,Motivo de Rechazo,Observaciones humanas,Requiere Revision,Reseña original,Respuesta final,Sentimiento IA,Urgencia IA
RES-1786480312168-7992,No,,4,,Procesando IA,,9 de agosto de 2026,11 de agosto de 2026 17:31,,thiago collavini (https://app.notion.com/p/thiago-collavini-3b904c2dd65b810db39bdb74c25a6c1f?pvs=21),"Redactar una respuesta breve, cercana y profesional para la reseña del huésped, adaptando el tono y el contenido según la calificación recibida y la experiencia expresada. Utiliza exclusivamente la información contenida en la reseña del huésped y en la Base de Conocimiento del hotel. No inventes información ni respondas preguntas que no puedan justificarse con dichas fuentes.",,,No,"Aspectos positivos: Me encantaron las piscinas termales y la atención del personal. También cenamos en el restaurante y tuvimos una muy buena experiencia.
Aspectos a mejorar: El único punto a mejorar fue que no sabía hasta qué hora estaba abierto el spa. ¿Podrían confirmarme su horario? También quería saber si el hotel ofrece traslado gratuito desde Buenos Aires",,,
RES-1786480597456-6649,No,,5,,Procesando IA,,15 de julio de 2026,11 de agosto de 2026 17:36,,thiago collavini (https://app.notion.com/p/thiago-collavini-3b904c2dd65b810db39bdb74c25a6c1f?pvs=21),"Redactar una respuesta breve, cercana y profesional para la reseña del huésped, adaptando el tono y el contenido según la calificación recibida y la experiencia expresada. Utiliza exclusivamente la información contenida en la reseña del huésped y en la Base de Conocimiento del hotel. No inventes información ni respondas preguntas que no puedan justificarse con dichas fuentes.",,,No,"Aspectos positivos: Las aguas termales estaban espectaculares y el personal muy amable.
Aspectos a mejorar: El desayuno podría tener más variedad.",,,
RES-1786480942441-390,No,"Estimado/a Prueba Interna QA2, ¡muchas gracias por su excelente calificación! Nos complace saber que disfrutó de nuestras aguas termales y de la amabilidad de nuestro personal. Agradecemos su sugerencia sobre la variedad del desayuno, la cual tendremos en cuenta para seguir mejorando nuestra experiencia. Esperamos recibirlo/a nuevamente en Days Inn Parque Termal Dolores.",5,,Pendiente de aprobación,,15 de julio de 2026,11 de agosto de 2026 17:42,,thiago collavini (https://app.notion.com/p/thiago-collavini-3b904c2dd65b810db39bdb74c25a6c1f?pvs=21),"Redactar una respuesta breve, cercana y profesional para la reseña del huésped, adaptando el tono y el contenido según la calificación recibida y la experiencia expresada. Utiliza exclusivamente la información contenida en la reseña del huésped y en la Base de Conocimiento del hotel. No inventes información ni respondas preguntas que no puedan justificarse con dichas fuentes.",,,Yes,"Aspectos positivos: Las aguas termales estaban espectaculares y el personal muy amable.
Aspectos a mejorar: El desayuno podría tener más variedad.",,Positivo,Baja
RES-1786481003332-8155,No,"Muchas gracias, Prueba Interna QA3, por compartir tu experiencia con nosotros. Nos alegra saber que disfrutaste de nuestras aguas termales y de la calidez de nuestro personal. Valoramos mucho tu sugerencia sobre la variedad del desayuno, ya que nos ayuda a identificar oportunidades de mejora continua para brindar un mejor servicio. Esperamos volver a recibirte muy pronto en Days Inn Parque Termal Dolores.",5,,Pendiente de aprobación,,15 de julio de 2026,11 de agosto de 2026 17:43,,thiago collavini (https://app.notion.com/p/thiago-collavini-3b904c2dd65b810db39bdb74c25a6c1f?pvs=21),"Redactar una respuesta breve, cercana y profesional para la reseña del huésped, adaptando el tono y el contenido según la calificación recibida y la experiencia expresada. Utiliza exclusivamente la información contenida en la reseña del huésped y en la Base de Conocimiento del hotel. No inventes información ni respondas preguntas que no puedan justificarse con dichas fuentes.",,,Yes,"Aspectos positivos: Las aguas termales estaban espectaculares y el personal muy amable.
Aspectos a mejorar: El desayuno podría tener más variedad.",,Positivo,Baja
RES-1786481241401-1623,Yes,"Hola Sisi, ¡muchas gracias por tu reseña! Nos alegra mucho saber que disfrutaste de nuestras piscinas termales, la calidez de nuestro personal y la experiencia en el restaurante. Con respecto a tus consultas, te confirmamos que el horario del spa y las piscinas es de 09:00 a 21:00 hs. Por otro lado, te informamos que actualmente no contamos con el servicio de traslado gratuito desde Buenos Aires. Agradecemos tus comentarios, ya que nos ayudan a identificar oportunidades de mejora, y esperamos tener el placer de recibirte nuevamente muy pronto.",4,,Enviado,11 de agosto de 2026 17:48 (GMT-3),7 de agosto de 2026,11 de agosto de 2026 17:47,19ff29583e18a371,thiago collavini (https://app.notion.com/p/thiago-collavini-3b904c2dd65b810db39bdb74c25a6c1f?pvs=21),"Redactar una respuesta breve, cercana y profesional para la reseña del huésped, adaptando el tono y el contenido según la calificación recibida y la experiencia expresada. Utiliza exclusivamente la información contenida en la reseña del huésped y en la Base de Conocimiento del hotel. No inventes información ni respondas preguntas que no puedan justificarse con dichas fuentes.",,,Yes,"Aspectos positivos: Me encantaron las piscinas termales y la atención del personal. También cenamos en el restaurante y tuvimos una muy buena experiencia.
Aspectos a mejorar: El único punto a mejorar fue que no sabía hasta qué hora estaba abierto el spa. ¿Podrían confirmarme su horario? También quería saber si el hotel ofrece traslado gratuito desde Buenos Aires.","Hola Sisi, ¡muchas gracias por tu reseña! Nos alegra mucho saber que disfrutaste de nuestras piscinas termales, la calidez de nuestro personal y la experiencia en el restaurante. Con respecto a tus consultas, te confirmamos que el horario del spa y las piscinas es de 09:00 a 21:00 hs. Por otro lado, te informamos que actualmente no contamos con el servicio de traslado gratuito desde Buenos Aires. Agradecemos tus comentarios, ya que nos ayudan a identificar oportunidades de mejora, y esperamos tener el placer de recibirte nuevamente muy pronto.",Positivo,Media
RES-1786563220372-4628,Yes,"Estimada Carolina, ¡muchas gracias por elegirnos y por compartir tu experiencia! Nos alegra enormemente saber que disfrutaste de nuestras piscinas termales, la tranquilidad del hotel y la atención de nuestro equipo. Es un placer leer que el desayuno también fue de tu agrado. Comentarios como el tuyo nos motivan a seguir brindando el mejor servicio. ¡Esperamos recibirte nuevamente muy pronto en Days Inn Parque Termal Dolores!",5,,Enviado,12 de agosto de 2026 16:34 (GMT-3),8 de agosto de 2026,12 de agosto de 2026 16:33,19ff77860ea7ee89,thiago collavini (https://app.notion.com/p/thiago-collavini-3b904c2dd65b810db39bdb74c25a6c1f?pvs=21),"Redactar una respuesta breve, cercana y profesional para la reseña del huésped, adaptando el tono y el contenido según la calificación recibida y la experiencia expresada. Utiliza exclusivamente la información contenida en la reseña del huésped y en la Base de Conocimiento del hotel. No inventes información ni respondas preguntas que no puedan justificarse con dichas fuentes.",,,Yes,"Aspectos positivos: La estadía fue excelente. Nos encantaron las piscinas termales, la tranquilidad del hotel y la atención del personal. También disfrutamos mucho del desayuno. Sin dudas volveríamos.
Aspectos a mejorar: No se indicaron aspectos a mejorar.","Estimada Carolina, ¡muchas gracias por elegirnos y por compartir tu experiencia! Nos alegra enormemente saber que disfrutaste de nuestras piscinas termales, la tranquilidad del hotel y la atención de nuestro equipo. Es un placer leer que el desayuno también fue de tu agrado. Comentarios como el tuyo nos motivan a seguir brindando el mejor servicio. ¡Esperamos recibirte nuevamente muy pronto en Days Inn Parque Termal Dolores!",Positivo,Baja
RES-1786563392776-1232,Yes,"Estimado Federico Ramos, muchas gracias por compartir tu experiencia con nosotros. Nos alegra mucho saber que disfrutaste de nuestras piscinas termales, de la tranquilidad y comodidad del hotel, y especialmente de la atención de nuestro personal. Respecto a tu consulta, te informamos que el horario del spa y las piscinas termales es de 09:00 a 21:00 hs. Valoramos mucho tu comentario, ya que nos ayuda a mejorar la comunicación de nuestros servicios. Esperamos tener el placer de recibirte nuevamente muy pronto.",4,,Enviado,12 de agosto de 2026 16:37 (GMT-3),9 de agosto de 2026,12 de agosto de 2026 16:36,19ff77afdf21f4a2,thiago collavini (https://app.notion.com/p/thiago-collavini-3b904c2dd65b810db39bdb74c25a6c1f?pvs=21),"Redactar una respuesta breve, cercana y profesional para la reseña del huésped, adaptando el tono y el contenido según la calificación recibida y la experiencia expresada. Utiliza exclusivamente la información contenida en la reseña del huésped y en la Base de Conocimiento del hotel. No inventes información ni respondas preguntas que no puedan justificarse con dichas fuentes.",,,Yes,"Aspectos positivos: Nos gustaron mucho las piscinas termales y la atención del personal. El hotel nos pareció muy tranquilo y cómodo.
Aspectos a mejorar: Nos hubiera gustado tener más claro el horario del spa. ¿Hasta qué hora se puede utilizar?","Estimado Federico Ramos, muchas gracias por compartir tu experiencia con nosotros. Nos alegra mucho saber que disfrutaste de nuestras piscinas termales, de la tranquilidad y comodidad del hotel, y especialmente de la atención de nuestro personal. Respecto a tu consulta, te informamos que el horario del spa y las piscinas termales es de 09:00 a 21:00 hs. Valoramos mucho tu comentario, ya que nos ayuda a mejorar la comunicación de nuestros servicios. Esperamos tener el placer de recibirte nuevamente muy pronto.",Positivo,Media
RES-1786563707250-9752,Yes,"Estimada Valentina, muchas gracias por compartir tu experiencia con nosotros. Nos alegra saber que disfrutaste de nuestras piscinas termales y de la amable atención de nuestro equipo de recepción. Lamentamos sinceramente que la limpieza de la habitación al momento de tu llegada y el ruido en el pasillo no hayan cumplido con tus expectativas de descanso. Valoramos mucho tus comentarios, ya que nos ayudan a identificar oportunidades de mejora para seguir ofreciendo el mejor servicio posible. Esperamos tener una nueva oportunidad para recibirte y brindarte la experiencia de bienestar y tranquilidad que buscamos para nuestros huéspedes.",2,,Enviado,12 de agosto de 2026 16:42 (GMT-3),10 de agosto de 2026,12 de agosto de 2026 16:41,19ff77fd486d063b,thiago collavini (https://app.notion.com/p/thiago-collavini-3b904c2dd65b810db39bdb74c25a6c1f?pvs=21),"Redactar una respuesta breve, cercana y profesional para la reseña del huésped, adaptando el tono y el contenido según la calificación recibida y la experiencia expresada. Utiliza exclusivamente la información contenida en la reseña del huésped y en la Base de Conocimiento del hotel. No inventes información ni respondas preguntas que no puedan justificarse con dichas fuentes.",,,Yes,"Aspectos positivos: Las piscinas termales fueron lo mejor de la estadía y el personal de recepción fue amable.
Aspectos a mejorar: La habitación no estaba lo suficientemente limpia cuando llegamos y durante la noche hubo bastante ruido en el pasillo. Esperábamos una experiencia más tranquila.","Estimada Valentina, muchas gracias por compartir tu experiencia con nosotros. Nos alegra saber que disfrutaste de nuestras piscinas termales y de la amable atención de nuestro equipo de recepción. Lamentamos sinceramente que la limpieza de la habitación al momento de tu llegada y el ruido en el pasillo no hayan cumplido con tus expectativas de descanso. Valoramos mucho tus comentarios, ya que nos ayudan a identificar oportunidades de mejora para seguir ofreciendo el mejor servicio posible. Esperamos tener una nueva oportunidad para recibirte y brindarte la experiencia de bienestar y tranquilidad que buscamos para nuestros huéspedes.",Negativo,Alta
RES-1786563842817-6526,Yes,"Estimado Alejandro, muchas gracias por dedicarnos tu tiempo para compartir tu experiencia. Valoramos que hayas destacado la atención de nuestro equipo de recepción. Lamentamos profundamente el inconveniente que tuvieron con el piso del baño y el accidente de tu pareja; nos alivia saber que no sufrió una lesión de gravedad. Tomamos muy en serio tus comentarios, ya que nos ayudan a identificar oportunidades de mejora para garantizar la seguridad y el bienestar de nuestros huéspedes. Esperamos tener una nueva oportunidad para brindarte una mejor experiencia en el futuro.",1,,Enviado,12 de agosto de 2026 16:46 (GMT-3),10 de agosto de 2026,12 de agosto de 2026 16:44,19ff782c587d4b48,thiago collavini (https://app.notion.com/p/thiago-collavini-3b904c2dd65b810db39bdb74c25a6c1f?pvs=21),"Redactar una respuesta breve, cercana y profesional para la reseña del huésped, adaptando el tono y el contenido según la calificación recibida y la experiencia expresada. Utiliza exclusivamente la información contenida en la reseña del huésped y en la Base de Conocimiento del hotel. No inventes información ni respondas preguntas que no puedan justificarse con dichas fuentes.",,,Yes,"Aspectos positivos: La atención del personal de recepción fue correcta.
Aspectos a mejorar: Durante nuestra estadía encontramos el piso del baño mojado y mi pareja se resbaló al entrar. Por suerte no sufrió una lesión grave, pero nos pareció una situación peligrosa. Informamos lo ocurrido en recepción y esperamos que se tenga en cuenta.","Estimado Alejandro, muchas gracias por dedicarnos tu tiempo para compartir tu experiencia. Valoramos que hayas destacado la atención de nuestro equipo de recepción. Lamentamos profundamente el inconveniente que tuvieron con el piso del baño y el accidente de tu pareja; nos alivia saber que no sufrió una lesión de gravedad. Tomamos muy en serio tus comentarios, ya que nos ayudan a identificar oportunidades de mejora para garantizar la seguridad y el bienestar de nuestros huéspedes. Esperamos tener una nueva oportunidad para brindarte una mejor experiencia en el futuro.",Negativo,Alta
RES-1786564098732-7111,Yes,"Muchas gracias, Lucia, por compartir tu experiencia con nosotros. Nos alegra saber que disfrutaste de nuestras piscinas termales y de la tranquilidad de nuestras instalaciones. Valoramos mucho tus consultas sobre servicios adicionales, ya que nos ayudan a identificar oportunidades de mejora continua. Para brindarte información detallada sobre tus inquietudes, te invitamos a contactarte directamente con nuestro equipo de recepción, que se encuentra disponible las 24 horas. Esperamos tener el placer de recibirte nuevamente en el futuro.",3,,Enviado,12 de agosto de 2026 16:49 (GMT-3),11 de agosto de 2026,12 de agosto de 2026 16:48,19ff785cc5917d03,thiago collavini (https://app.notion.com/p/thiago-collavini-3b904c2dd65b810db39bdb74c25a6c1f?pvs=21),"Redactar una respuesta breve, cercana y profesional para la reseña del huésped, adaptando el tono y el contenido según la calificación recibida y la experiencia expresada. Utiliza exclusivamente la información contenida en la reseña del huésped y en la Base de Conocimiento del hotel. No inventes información ni respondas preguntas que no puedan justificarse con dichas fuentes.",,,Yes,"Aspectos positivos: Nos gustaron las piscinas termales y la tranquilidad general del hotel.
Aspectos a mejorar: Quisiera saber si el hotel acepta mascotas y si ofrecen traslado gratuito desde Buenos Aires. También quería consultar si entregan una botella de vino de cortesía en las habitaciones.","Muchas gracias, Lucia, por compartir tu experiencia con nosotros. Nos alegra saber que disfrutaste de nuestras piscinas termales y de la tranquilidad de nuestras instalaciones. Valoramos mucho tus consultas sobre servicios adicionales, ya que nos ayudan a identificar oportunidades de mejora continua. Para brindarte información detallada sobre tus inquietudes, te invitamos a contactarte directamente con nuestro equipo de recepción, que se encuentra disponible las 24 horas. Esperamos tener el placer de recibirte nuevamente en el futuro.",Neutral,Media
RES-1786564192869-3184,Yes,"Estimado Martin, muchas gracias por tomarte el tiempo de compartir tu experiencia con nosotros. Nos alegra saber que disfrutaste de nuestras piscinas termales, del desayuno y de la atención de nuestro personal. Por otro lado, lamentamos los inconvenientes que mencionas respecto a la espera para ingresar y el orden de las zonas comunes. Tus comentarios son fundamentales para nosotros, ya que nos ayudan a identificar oportunidades de mejora continua. Esperamos tener el placer de recibirte nuevamente en Days Inn Parque Termal Dolores para brindarte una estadía plenamente satisfactoria.",3,,Enviado,12 de agosto de 2026 16:51 (GMT-3),11 de agosto de 2026,12 de agosto de 2026 16:49,19ff78736ec8402d,thiago collavini (https://app.notion.com/p/thiago-collavini-3b904c2dd65b810db39bdb74c25a6c1f?pvs=21),"Redactar una respuesta breve, cercana y profesional para la reseña del huésped, adaptando el tono y el contenido según la calificación recibida y la experiencia expresada. Utiliza exclusivamente la información contenida en la reseña del huésped y en la Base de Conocimiento del hotel. No inventes información ni respondas preguntas que no puedan justificarse con dichas fuentes.",,,Yes,"Aspectos positivos: Las piscinas termales estuvieron excelentes y disfrutamos mucho del desayuno. También queremos destacar la buena atención del personal.
Aspectos a mejorar: La habitación nos pareció cómoda, pero tuvimos que esperar bastante tiempo para poder ingresar y encontramos algunas zonas comunes desordenadas. En general disfrutamos la estadía, aunque creemos que esos aspectos podrían mejorar.","Estimado Martin, muchas gracias por tomarte el tiempo de compartir tu experiencia con nosotros. Nos alegra saber que disfrutaste de nuestras piscinas termales, del desayuno y de la atención de nuestro personal. Por otro lado, lamentamos los inconvenientes que mencionas respecto a la espera para ingresar y el orden de las zonas comunes. Tus comentarios son fundamentales para nosotros, ya que nos ayudan a identificar oportunidades de mejora continua. Esperamos tener el placer de recibirte nuevamente en Days Inn Parque Termal Dolores para brindarte una estadía plenamente satisfactoria.",Neutral,Media
RES-1786564522261-2965,No,"Estimada Sofia, muchas gracias por compartir tu experiencia con nosotros. Nos alegra saber que disfrutaste de nuestras piscinas termales y que recibiste una atención amable por parte de nuestro equipo. Por otro lado, lamentamos sinceramente el inconveniente con la demora en la disponibilidad de tu habitación al inicio de tu estadía. Valoramos mucho tus comentarios, ya que nos ayudan a identificar oportunidades de mejora para brindar un servicio más eficiente. Esperamos tener la oportunidad de recibirte nuevamente en Days Inn Parque Termal Dolores para ofrecerte una experiencia totalmente satisfactoria. Saludos cordiales.",3,,Pendiente de aprobación,,12 de agosto de 2026,12 de agosto de 2026 16:55,,Sofia Benitez (https://app.notion.com/p/Sofia-Benitez-3ba04c2dd65b81d3a213ddb32eb45cd2?pvs=21),"Redactar una respuesta breve, cercana y profesional para la reseña del huésped, adaptando el tono y el contenido según la calificación recibida y la experiencia expresada. Utiliza exclusivamente la información contenida en la reseña del huésped y en la Base de Conocimiento del hotel. No inventes información ni respondas preguntas que no puedan justificarse con dichas fuentes.",,,Yes,"Aspectos positivos: La atención del personal fue amable y disfrutamos de las piscinas termales.
Aspectos a mejorar: La habitación tardó bastante en estar disponible y eso hizo que el inicio de la estadía fuera incómodo.",,Neutral,Media
RES-1786564835105-3582,Yes,"¡Muchas gracias, Nicolas, por elegirnos y por tu excelente calificación! Nos hace muy felices saber que disfrutaste de nuestra atención, de las piscinas termales y de la comodidad del hotel. Comentarios como el tuyo nos motivan a seguir brindando el mejor servicio posible. Será un placer recibirte nuevamente en Days Inn Parque Termal Dolores.",5,,Enviado,12 de agosto de 2026 17:01 (GMT-3),7 de agosto de 2026,12 de agosto de 2026 17:00,19ff791069ba33ac,Nicolas Ferro (https://app.notion.com/p/Nicolas-Ferro-3ba04c2dd65b81ce8e06d56ae4b02c92?pvs=21),"Redactar una respuesta breve, cercana y profesional para la reseña del huésped, adaptando el tono y el contenido según la calificación recibida y la experiencia expresada. Utiliza exclusivamente la información contenida en la reseña del huésped y en la Base de Conocimiento del hotel. No inventes información ni respondas preguntas que no puedan justificarse con dichas fuentes.",,,Yes,"Aspectos positivos: Excelente atención, muy lindas las piscinas termales y muy cómodo el hotel.
Aspectos a mejorar: No tenemos comentarios para mejorar.","¡Muchas gracias, Nicolas, por elegirnos y por tu excelente calificación! Nos hace muy felices saber que disfrutaste de nuestra atención, de las piscinas termales y de la comodidad del hotel. Comentarios como el tuyo nos motivan a seguir brindando el mejor servicio posible. Será un placer recibirte nuevamente en Days Inn Parque Termal Dolores.",Positivo,Baja
RES-1786564914886-6411,Yes,"Muchas gracias, Camila, por elegirnos y por compartir tu opinión. Nos complace saber que disfrutaste de nuestro spa, de la tranquilidad y de la atención de nuestro personal. Valoramos mucho tu sugerencia sobre la visibilidad de los horarios de los servicios, ya que nos ayuda a identificar oportunidades de mejora para brindar una mejor experiencia. Esperamos tener el placer de recibirte nuevamente muy pronto.",4,,Enviado,12 de agosto de 2026 17:03 (GMT-3),5 de agosto de 2026,12 de agosto de 2026 17:01,19ff7923a75d98e7,Camila Duarte (https://app.notion.com/p/Camila-Duarte-3ba04c2dd65b81538c37d48aa58333c6?pvs=21),"Redactar una respuesta breve, cercana y profesional para la reseña del huésped, adaptando el tono y el contenido según la calificación recibida y la experiencia expresada. Utiliza exclusivamente la información contenida en la reseña del huésped y en la Base de Conocimiento del hotel. No inventes información ni respondas preguntas que no puedan justificarse con dichas fuentes.",,,Yes,"Aspectos positivos: Nos gustó mucho el spa, la tranquilidad y la atención del personal.
Aspectos a mejorar: Nos hubiera gustado tener más información visible sobre los horarios de los servicios.","Muchas gracias, Camila, por elegirnos y por compartir tu opinión. Nos complace saber que disfrutaste de nuestro spa, de la tranquilidad y de la atención de nuestro personal. Valoramos mucho tu sugerencia sobre la visibilidad de los horarios de los servicios, ya que nos ayuda a identificar oportunidades de mejora para brindar una mejor experiencia. Esperamos tener el placer de recibirte nuevamente muy pronto.",Positivo,Baja
RES-1786565004032-6129,Yes,"Hola Nicolas, muchas gracias por compartir tu experiencia con nosotros. Nos alegra saber que disfrutaste de nuestras piscinas termales y de la atención amable de nuestro equipo. Por otro lado, lamentamos sinceramente los inconvenientes que mencionas respecto al orden de la habitación y el ruido durante la noche. Valoramos mucho tus comentarios, ya que nos ayudan a identificar oportunidades de mejora para asegurar el descanso de nuestros huéspedes. Esperamos tener una nueva oportunidad para brindarte una mejor experiencia en el futuro. Saludos cordiales.",2,,Enviado,12 de agosto de 2026 17:05 (GMT-3),3 de agosto de 2026,12 de agosto de 2026 17:03,19ff794889a72cac,Nicolas Paz (https://app.notion.com/p/Nicolas-Paz-3ba04c2dd65b81ec8d84ebdba0318851?pvs=21),"Redactar una respuesta breve, cercana y profesional para la reseña del huésped, adaptando el tono y el contenido según la calificación recibida y la experiencia expresada. Utiliza exclusivamente la información contenida en la reseña del huésped y en la Base de Conocimiento del hotel. No inventes información ni respondas preguntas que no puedan justificarse con dichas fuentes.",,,Yes,"Aspectos positivos: El personal fue amable y las piscinas termales estuvieron muy bien.
Aspectos a mejorar: La habitación no estaba del todo ordenada al llegar y hubo bastante ruido durante la noche.","Hola Nicolas, muchas gracias por compartir tu experiencia con nosotros. Nos alegra saber que disfrutaste de nuestras piscinas termales y de la atención amable de nuestro equipo. Por otro lado, lamentamos sinceramente los inconvenientes que mencionas respecto al orden de la habitación y el ruido durante la noche. Valoramos mucho tus comentarios, ya que nos ayudan a identificar oportunidades de mejora para asegurar el descanso de nuestros huéspedes. Esperamos tener una nueva oportunidad para brindarte una mejor experiencia en el futuro. Saludos cordiales.",Negativo,Media
RES-1786565144733-9168,Yes,"Hola Mariana, muchas gracias por compartir tu opinión. Nos complace saber que disfrutaste de nuestras instalaciones y de la gastronomía de nuestro restaurante. Tomamos nota de tus consultas sobre el servicio de traslado y la admisión de mascotas para seguir mejorando nuestra atención. Te invitamos a contactarnos directamente para que podamos asistirte con información específica sobre estos puntos. Esperamos volver a recibirte pronto en Days Inn Parque Termal Dolores.",3,,Enviado,12 de agosto de 2026 17:06 (GMT-3),2 de agosto de 2026,12 de agosto de 2026 17:05,19ff795d1a3b95db,Mariana Costa (https://app.notion.com/p/Mariana-Costa-3ba04c2dd65b81fe9592d8d3c9fc57e2?pvs=21),"Redactar una respuesta breve, cercana y profesional para la reseña del huésped, adaptando el tono y el contenido según la calificación recibida y la experiencia expresada. Utiliza exclusivamente la información contenida en la reseña del huésped y en la Base de Conocimiento del hotel. No inventes información ni respondas preguntas que no puedan justificarse con dichas fuentes.",,,Yes,"Aspectos positivos: Disfrutamos del restaurante y de las instalaciones del hotel.
Aspectos a mejorar: Quería saber si aceptan mascotas y si cuentan con servicio de traslado desde Buenos Aires.","Hola Mariana, muchas gracias por compartir tu opinión. Nos complace saber que disfrutaste de nuestras instalaciones y de la gastronomía de nuestro restaurante. Tomamos nota de tus consultas sobre el servicio de traslado y la admisión de mascotas para seguir mejorando nuestra atención. Te invitamos a contactarnos directamente para que podamos asistirte con información específica sobre estos puntos. Esperamos volver a recibirte pronto en Days Inn Parque Termal Dolores.",Neutral,Media